{
  "MemoryViewer": {
    "Font": "Consolas",
    "FontSize": 17,
    "Colors": {
      "Background": "#FFFFFF",
      "Separator": "#C0C0C0",
      "Cursor": "#C0C0C0",
      "Normal": "#000000",
      "Selected": "#FF0000",
      "HasNote": "#0000FF",
      "HasBookmark": "#00A000",
      "Frozen": "#FFC800",
      "Header": "#808080",
      "HeaderSelected": "#FF8080"
    }
  },
  "CodeNotes": {
    "Colors": {
      "Normal": "#000000",
      "Modified": "#C04040"    
    }
  },
  "TriggerColors": {
    "IsTrue": "#C0FFC0",
    "WasTrue": "#C0C0FF",
    "BecomingTrue": "#C0FFFF",
    "ResetTrue": "#FFFFC0",
    "PauseTrue": "#FFC0C0"
  }
}